name,lang,id,n,size(B),cpu(s),mem(KB),status,load,elapsed(s)
binarytrees,ghc,5,20,611,24.266,207260,0,0% 0% 0% 100%,24.284
binarytrees,php,3,20,483,0.000,2106340,-2,1% 2% 1% 100%,13.629
binarytrees,scala,4,20,494,18.392,505800,0,0% 0% 0% 100%,18.416
binarytrees,scala,2,20,641,0.000,712,-2,0% 0% 4% 96%,0.249
binarytrees,yarv,2,20,413,194.320,452832,0,0% 0% 0% 100%,194.475
binarytrees,oz,1,20,479,1603.720,1556232,0,0% 0% 0% 100%,1604.761
binarytrees,perl,3,20,706,0.000,0,-2,0% 0% 7% 94%,0.152
binarytrees,hipe,2,20,499,57.352,647288,0,0% 0% 0% 100%,57.441
binarytrees,go,6,20,871,16.872,164768,0,0% 2% 1% 100%,16.887
binarytrees,sbcl,1,20,612,27.311,348984,0,0% 0% 1% 100%,27.358
binarytrees,fpascal,1,20,769,40.927,131384,0,1% 0% 0% 100%,40.954
binarytrees,ghc,1,20,521,21.753,361864,0,0% 0% 0% 100%,21.780
binarytrees,gcc,1,20,706,36.697,131672,0,0% 0% 1% 100%,36.722
binarytrees,racket,3,20,877,0.000,31144,-10,2% 0% 0% 98%,0.422
binarytrees,dart,1,20,503,47.472,188132,0,0% 1% 0% 100%,47.545
binarytrees,php,2,20,472,640.276,1025292,0,0% 0% 0% 100%,641.068
binarytrees,fsharp,2,20,515,70.298,349796,0,0% 0% 0% 100%,70.383
binarytrees,vw,1,20,722,81.401,320668,0,0% 0% 0% 100%,81.494
binarytrees,lua,2,20,446,461.005,1776376,0,0% 0% 0% 100%,461.638
binarytrees,ats,3,20,2143,16.349,296320,0,0% 0% 0% 100%,16.381
binarytrees,gpp,2,20,553,36.879,197760,0,0% 1% 1% 100%,36.910
binarytrees,go,4,20,688,124.650,572472,0,0% 1% 1% 100%,124.790
binarytrees,gcc,7,20,850,9.375,149140,0,0% 0% 1% 100%,9.382
binarytrees,jruby,3,20,439,619.452,856040,0,0% 0% 0% 100%,620.142
binarytrees,go,7,20,737,0.000,0,-10,0% 0% 0% 100%,0.053
binarytrees,ifc,1,20,826,47.991,132032,0,3% 0% 0% 100%,48.018
binarytrees,csharp,1,20,654,25.567,180164,0,1% 1% 0% 100%,25.600
binarytrees,ats,1,20,926,16.933,198256,0,0% 0% 0% 100%,16.950
binarytrees,clojure,1,20,657,25.812,587432,0,0% 0% 0% 100%,25.849
binarytrees,ocaml,1,20,563,14.824,485392,0,0% 0% 0% 100%,14.852
binarytrees,ghc,4,20,612,23.261,361884,0,0% 0% 0% 100%,23.308
binarytrees,perl,1,20,448,585.856,480396,0,0% 0% 0% 100%,586.355
binarytrees,ocaml,2,20,784,44.368,201748,0,0% 0% 0% 100%,44.469
binarytrees,v8,1,20,467,40.786,895868,0,1% 1% 1% 100%,40.852
binarytrees,gnat,5,20,2167,10.857,158396,0,0% 0% 1% 100%,10.882
binarytrees,jruby,1,20,412,0.000,859568,-2,0% 0% 0% 100%,694.048
binarytrees,yarv,3,20,439,201.164,780572,0,0% 1% 0% 100%,201.327
binarytrees,sbcl,2,20,649,21.028,350460,0,1% 0% 0% 100%,21.068
binarytrees,lua,3,20,477,0.000,3734172,-1,46% 10% 8% 100%,3606.264
binarytrees,java,2,20,603,18.216,504076,0,0% 0% 0% 100%,18.242
binarytrees,scala,1,20,549,17.788,383212,0,0% 0% 0% 100%,17.808
binarytrees,yarv,1,20,412,193.720,452832,0,0% 0% 0% 100%,193.874
binarytrees,fsharp,3,20,565,52.573,298232,0,0% 1% 1% 100%,52.641
binarytrees,python3,6,20,626,480.362,1209444,0,0% 0% 0% 100%,480.874
binarytrees,racket,2,20,640,40.412,395516,0,0% 0% 0% 100%,40.482
binarytrees,hipe,1,20,441,67.660,872752,0,0% 0% 0% 100%,67.771
binarytrees,ifc,2,20,1199,23.201,149368,0,0% 0% 0% 100%,23.217
binarytrees,gcc,9,20,1103,7.254,229028,0,0% 1% 1% 100%,7.265
binarytrees,racket,1,20,495,49.464,452664,0,0% 0% 0% 100%,49.552
binarytrees,fsharp,1,20,537,25.861,184920,0,0% 0% 1% 100%,25.894
binarytrees,go,1,20,516,111.088,479796,0,1% 1% 1% 100%,111.220
binarytrees,gcc,2,20,594,3.425,49536,0,1% 1% 1% 100%,3.430
binarytrees,go,2,20,694,125.571,545120,0,0% 1% 1% 100%,125.713
binarytrees,gnat,4,20,2167,10.860,158352,0,0% 0% 1% 100%,10.884
binarytrees,csharp,2,20,650,61.795,616256,0,0% 0% 1% 100%,61.873
binarytrees,gnat,3,20,1342,98.380,656640,0,0% 0% 1% 100%,98.451
binarytrees,gcc,5,20,963,78.262,219160,0,0% 0% 1% 100%,78.321
binarytrees,gpp,7,20,919,10.619,100496,0,0% 0% 1% 100%,10.629
binarytrees,go,5,20,1000,124.250,516036,0,0% 1% 1% 100%,124.388
binarytrees,gnat,1,20,955,38.018,198176,0,0% 0% 0% 100%,38.044
binarytrees,clojure,6,20,705,24.012,532384,0,0% 0% 0% 100%,24.049
binarytrees,php,1,20,504,710.928,1021852,0,0% 0% 0% 100%,711.876
binarytrees,ocaml,5,20,496,43.800,232168,0,0% 0% 0% 100%,43.866
binarytrees,java,1,20,1007,19.956,530080,0,0% 0% 0% 100%,19.988
binarytrees,gpp,6,20,892,0.000,0,-11,%,0.000
binarytreesredux,scala,4,20,498,92.284,159064,0,0% 0% 0% 100%,92.360
binarytreesredux,jruby,1,20,412,0.000,858672,-2,0% 0% 0% 100%,700.522
binarytreesredux,clojure,1,20,661,97.224,232708,0,0% 0% 0% 100%,97.317
binarytreesredux,ghc,1,20,521,33.150,259452,0,0% 0% 0% 100%,33.200
binarytreesredux,java,2,20,607,127.180,154832,0,0% 0% 0% 100%,127.308
binarytreesredux,clojure,6,20,709,107.296,226144,0,0% 0% 0% 100%,107.395
binarytreesredux,sbcl,2,20,649,27.549,361540,0,0% 1% 1% 100%,27.603
chameneosredux,gcc,5,6000000,2863,7.779,664,0,1% 1% 1% 100%,7.783
chameneosredux,ghc,4,6000000,991,42.523,4260,0,0% 0% 0% 100%,42.535
chameneosredux,ocaml,1,6000000,1279,80.552,3276,0,0% 0% 0% 100%,80.583
chameneosredux,scala,2,6000000,1171,11.132,155860,0,0% 0% 0% 100%,11.142
chameneosredux,java,2,6000000,1429,10.540,35888,0,0% 0% 0% 100%,10.549
chameneosredux,jruby,1,6000000,928,39.020,489912,0,0% 0% 0% 100%,39.070
chameneosredux,gpp,1,6000000,2449,0.000,0,-11,%,0.000
chameneosredux,sbcl,3,6000000,2907,8.341,5840,0,1% 1% 1% 100%,8.345
chameneosredux,hipe,1,6000000,734,8.909,12120,0,0% 0% 0% 100%,8.918
chameneosredux,gnat,2,6000000,6001,211.009,1984,0,0% 0% 1% 100%,211.068
chameneosredux,ghc,1,6000000,991,5.192,1996,0,0% 0% 0% 100%,5.198
chameneosredux,go,5,6000000,957,4.698,992,0,1% 0% 0% 100%,4.701
chameneosredux,java,3,6000000,1267,66.576,38724,0,0% 0% 0% 100%,66.602
chameneosredux,gcc,2,6000000,1663,8.278,672,0,1% 0% 1% 100%,8.282
chameneosredux,gpp,5,6000000,1994,7.715,1388,0,1% 1% 1% 100%,7.718
chameneosredux,csharp,1,6000000,1400,14.029,21436,0,0% 1% 1% 100%,14.035
chameneosredux,gnat,5,6000000,2906,15.855,2280,0,0% 0% 1% 100%,15.872
chameneosredux,python3,2,6000000,866,220.314,6360,0,0% 0% 0% 100%,220.504
chameneosredux,clojure,1,6000000,1331,145.532,399084,0,0% 0% 0% 100%,145.714
chameneosredux,vw,2,6000000,2515,43.019,42880,0,0% 0% 0% 100%,43.034
chameneosredux,perl,4,6000000,785,0.000,0,-2,0% 0% 0% 100%,0.046
chameneosredux,oz,1,6000000,1090,0.000,140656,-10,0% 0% 1% 100%,2.586
chameneosredux,ocaml,3,6000000,1146,498.532,4368,0,0% 0% 0% 100%,498.822
chameneosredux,racket,1,6000000,791,337.428,101512,0,0% 0% 0% 100%,337.658
chameneosredux,yarv,1,6000000,920,36.152,7092,0,0% 0% 0% 100%,36.166
chameneosredux,scala,1,6000000,1271,0.000,0,-2,10% 0% 0% 100%,0.085
chameneosredux,java,1,6000000,1770,3.360,22332,0,0% 0% 1% 100%,3.364
fannkuchredux,ocaml,2,12,473,90.384,760,0,0% 0% 0% 100%,90.411
fannkuchredux,ocaml,4,12,1004,0.004,11416,0,0% 0% 0% 100%,65.021
fannkuchredux,ghc,1,12,553,578.484,3360,0,0% 0% 0% 100%,578.669
fannkuchredux,fsharp,3,12,945,83.621,21192,0,0% 1% 1% 100%,83.643
fannkuchredux,gcc,1,12,508,58.599,404,0,1% 1% 1% 100%,58.613
fannkuchredux,php,2,12,441,2958.792,3264,0,0% 0% 0% 100%,2959.763
fannkuchredux,dart,1,12,531,0.000,0,-2,0% 0% 20% 100%,0.044
fannkuchredux,fsharp,1,12,551,173.843,20396,0,0% 1% 1% 100%,174.013
fannkuchredux,python3,6,12,385,2348.559,6152,0,0% 0% 0% 100%,2349.261
fannkuchredux,java,2,12,514,82.952,18368,0,0% 0% 0% 100%,82.978
fannkuchredux,csharp,2,12,564,50.399,15540,0,0% 0% 0% 100%,50.412
fannkuchredux,gpp,4,12,1439,0.000,0,-11,%,0.000
fannkuchredux,ocaml,3,12,1017,0.004,21400,0,0% 0% 0% 100%,69.296
fannkuchredux,racket,3,12,1096,290.732,20216,0,7% 18% 0% 100%,290.856
fannkuchredux,dart,2,12,495,82.320,9236,0,1% 0% 0% 100%,82.345
fannkuchredux,scala,1,12,459,95.992,23624,0,0% 0% 0% 100%,96.025
fannkuchredux,java,3,12,1633,47.260,20236,0,0% 0% 0% 100%,47.277
fannkuchredux,gpp,1,12,1059,0.000,0,-11,%,0.000
fannkuchredux,v8,3,12,539,76.377,7232,0,0% 1% 1% 100%,76.397
fannkuchredux,racket,1,12,649,300.388,18020,0,0% 0% 0% 100%,300.503
fannkuchredux,clojure,2,12,1088,148.156,52588,0,0% 0% 0% 100%,148.268
fannkuchredux,gpp,5,12,1440,0.000,0,-11,%,0.000
fannkuchredux,fsharp,2,12,548,96.480,16068,0,0% 0% 1% 100%,96.503
fannkuchredux,php,3,12,1150,3018.680,15560,0,0% 0% 0% 100%,3019.695
fannkuchredux,ghc,5,12,834,65.480,2240,0,0% 0% 0% 100%,65.507
fannkuchredux,python3,1,12,1108,0.000,35868,-1,0% 0% 0% 100%,3605.292
fannkuchredux,v8,2,12,472,83.624,7196,0,0% 0% 1% 100%,83.645
fannkuchredux,yarv,1,12,384,3246.716,6760,0,0% 0% 0% 100%,3248.051
fannkuchredux,scala,2,12,1017,56.812,26600,0,0% 0% 0% 100%,56.834
fannkuchredux,java,1,12,1282,69.292,18284,0,0% 0% 0% 100%,69.314
fannkuchredux,sbcl,4,12,1518,64.216,21476,0,0% 0% 0% 100%,64.232
fannkuchredux,oz,1,12,506,0.000,1555960,-10,1% 0% 0% 100%,142.442
fannkuchredux,fpascal,1,12,1018,75.353,824,0,0% 0% 0% 100%,75.373
fannkuchredux,gpp,6,12,894,37.399,376,0,1% 0% 0% 100%,37.408
fannkuchredux,sbcl,3,12,821,71.472,21416,0,0% 1% 1% 100%,71.490
fannkuchredux,go,1,12,900,71.175,984,0,0% 0% 1% 100%,71.197
fannkuchredux,csharp,3,12,1096,102.749,16276,0,0% 0% 1% 100%,102.777
fannkuchredux,ghc,4,12,658,66.340,1972,0,0% 0% 0% 100%,66.361
fannkuchredux,ghc,2,12,808,288.462,3376,0,0% 0% 0% 100%,288.563
fannkuchredux,sbcl,1,12,1607,53.013,27100,0,0% 1% 1% 100%,53.028
fannkuchredux,v8,1,12,463,93.496,7180,0,0% 0% 1% 100%,93.520
fannkuchredux,ocaml,1,12,524,106.372,764,0,0% 0% 0% 100%,106.405
fannkuchredux,lua,1,12,462,2111.252,1016,0,0% 0% 0% 100%,2111.767
fannkuchredux,gnat,3,12,2100,38.102,1956,0,1% 0% 0% 100%,38.123
fannkuchredux,gcc,4,12,1183,22.695,404,0,0% 1% 1% 100%,22.701
fannkuchredux,gpp,2,12,2106,0.000,0,-11,%,0.000
fannkuchredux,gpp,3,12,593,58.669,376,0,0% 0% 0% 100%,58.683
fannkuchredux,csharp,1,12,520,92.549,15076,0,0% 0% 0% 100%,92.570
fannkuchredux,gcc,3,12,567,49.511,404,0,0% 0% 1% 100%,49.523
fannkuchredux,hipe,1,12,1038,443.192,11624,0,0% 0% 0% 100%,443.326
fannkuchredux,python3,2,12,797,0.000,35820,-1,0% 0% 0% 100%,3605.273
fannkuchredux,gcc,2,12,1557,51.653,440,0,0% 0% 0% 100%,51.667
fannkuchredux,racket,2,12,903,293.268,18760,0,0% 0% 0% 100%,293.383
fannkuchredux,ifc,1,12,590,57.620,244,0,0% 0% 0% 100%,57.635
fannkuchredux,php,1,12,482,3357.480,3316,0,0% 0% 0% 100%,3358.557
fannkuchredux,ghc,3,12,1153,0.000,1212,-1,0% 0% 0% 100%,3604.262
fannkuchredux,ifc,3,12,1148,48.971,7596,0,0% 0% 0% 100%,48.985
fannkuchredux,perl,1,12,457,2287.424,1836,0,0% 0% 0% 100%,2288.172
fannkuchredux,ats,1,12,1306,51.719,364,0,0% 0% 0% 100%,51.733
fannkuchredux,sbcl,2,12,513,161.111,119120,0,0% 1% 1% 100%,161.322
fannkuchredux,jruby,1,12,384,1105.716,616304,0,0% 0% 0% 100%,1106.150
fannkuchredux,ats,2,12,1571,0.000,0,-11,%,0.000
fannkuchredux,vw,1,12,838,690.227,42580,0,0% 0% 0% 100%,690.382
fannkuchredux,gpp,7,12,1150,22.650,372,0,0% 1% 1% 100%,22.657
fannkuchredux,fsharp,4,12,612,84.025,16108,0,0% 0% 0% 100%,84.046
fasta,ghc,3,25000000,1408,13.737,1996,0,0% 0% 0% 100%,13.742
fasta,ats,1,25000000,2104,5.196,360,0,0% 1% 1% 100%,5.200
fasta,yarv,5,25000000,987,145.232,6800,0,1% 0% 0% 99%,149.372
fasta,ifc,1,25000000,1155,5.976,508,0,0% 1% 1% 100%,5.979
fasta,ocaml,3,25000000,1042,13.412,3124,0,0% 0% 0% 100%,13.424
fasta,gcc,2,25000000,1169,2.417,492,0,0% 1% 1% 100%,2.420
fasta,hipe,2,25000000,1164,29.074,11916,0,0% 0% 0% 100%,29.088
fasta,scala,1,25000000,1080,10.512,25712,0,0% 0% 0% 100%,10.518
fasta,jruby,1,25000000,760,219.692,599368,0,0% 0% 0% 100%,223.456
fasta,perl,5,25000000,1113,1.880,24952,0,1% 1% 0% 100%,1.883
fasta,perl,2,25000000,886,392.348,2356,0,0% 0% 0% 100%,392.490
fasta,gpp,4,25000000,1266,6.189,372,0,0% 0% 1% 100%,6.193
fasta,sbcl,3,25000000,1579,10.401,4792,0,0% 0% 1% 100%,10.405
fasta,sbcl,1,25000000,1419,16.962,4792,0,0% 0% 1% 100%,16.968
fasta,racket,3,25000000,1276,17.400,24084,0,0% 0% 0% 100%,17.411
fasta,csharp,2,25000000,1180,6.490,16136,0,1% 1% 1% 100%,6.494
fasta,python3,1,25000000,792,217.542,6216,0,0% 0% 1% 100%,221.683
fasta,php,2,25000000,1006,427.340,3336,0,0% 0% 0% 100%,431.676
fasta,php,3,25000000,1030,148.292,3332,0,0% 0% 0% 100%,151.550
fasta,ifc,3,25000000,1190,4.460,508,0,0% 0% 0% 100%,4.465
fasta,ghc,1,25000000,1421,0.000,0,-10,0% 0% 0% 100%,0.092
fasta,yarv,4,25000000,904,147.300,196908,0,0% 0% 0% 100%,151.541
fasta,racket,1,25000000,1054,49.300,18720,0,0% 0% 0% 100%,49.337
fasta,fpascal,4,25000000,1112,11.169,8,0,0% 0% 0% 100%,11.173
fasta,java,4,25000000,1507,5.316,19132,0,0% 1% 0% 100%,5.322
fasta,go,1,25000000,1036,6.602,992,0,0% 0% 1% 100%,6.605
fasta,php,4,25000000,1110,63.356,3600,0,0% 0% 0% 100%,63.380
fasta,java,2,25000000,1240,8.148,18708,0,0% 0% 0% 100%,8.154
fasta,gcc,1,25000000,1185,7.212,372,0,1% 0% 0% 100%,7.215
fasta,ocaml,6,25000000,1161,10.516,201780,0,0% 0% 0% 100%,10.525
fasta,v8,1,25000000,791,18.716,9280,0,0% 0% 1% 100%,18.723
fasta,ghc,4,25000000,1413,0.000,0,-10,0% 0% 0% 100%,0.098
fasta,gpp,2,25000000,1105,4.404,832,0,1% 2% 1% 100%,4.407
fasta,sbcl,2,25000000,1617,17.266,4792,0,0% 0% 1% 100%,17.272
fasta,gnat,5,25000000,2186,4.054,1500,0,1% 0% 0% 100%,4.056
fasta,yarv,6,25000000,772,109.288,216952,0,0% 0% 0% 100%,109.371
fasta,yarv,2,25000000,732,206.448,203584,0,0% 0% 0% 100%,206.556
fasta,csharp,4,25000000,1505,9.444,42180,0,0% 1% 0% 100%,9.453
fasta,python3,2,25000000,788,236.155,6212,0,0% 0% 0% 100%,241.498
fasta,clojure,5,25000000,1839,11.484,59040,0,0% 1% 0% 100%,11.491
fasta,dart,1,25000000,1386,9.582,291628,0,1% 1% 0% 100%,9.587
fasta,ghc,2,25000000,979,3.556,2624,0,0% 1% 0% 100%,3.562
fasta,ifc,4,25000000,1327,2.692,244,0,0% 0% 0% 100%,2.695
fasta,oz,1,25000000,1168,0.000,1395716,-10,0% 0% 0% 100%,20.985
fasta,clojure,6,25000000,1653,7.738,60684,0,0% 1% 1% 100%,7.745
fasta,gpp,3,25000000,1286,4.190,1076,0,0% 1% 0% 100%,4.193
fasta,perl,4,25000000,934,267.456,2352,0,0% 0% 0% 100%,267.557
fasta,gpp,1,25000000,1033,4.622,832,0,0% 0% 0% 100%,4.625
fasta,scala,3,25000000,1053,6.352,25656,0,0% 0% 0% 100%,6.357
fasta,lua,1,25000000,1049,44.587,1480,0,0% 0% 0% 100%,44.602
fasta,gcc,4,25000000,1221,6.008,376,0,0% 0% 1% 100%,6.011
fasta,gnat,1,25000000,1346,8.767,1496,0,0% 0% 1% 100%,8.770
fasta,fsharp,1,25000000,978,8.248,17352,0,1% 0% 1% 100%,8.252
fasta,sbcl,6,25000000,1751,7.645,5036,0,0% 1% 1% 100%,7.649
fasta,hipe,1,25000000,1039,58.104,11924,0,0% 0% 0% 100%,58.127
fasta,perl,1,25000000,838,96.428,100036,0,0% 0% 0% 100%,96.463
fasta,v8,2,25000000,923,22.507,44152,0,0% 1% 1% 100%,22.527
fasta,vw,1,25000000,1315,47.239,41284,0,0% 0% 0% 100%,47.254
fastaredux,python3,6,25000000,900,58.388,8284,0,0% 0% 0% 100%,58.409
fastaredux,fpascal,1,25000000,1227,8.041,8,0,0% 0% 0% 100%,8.046
fastaredux,go,2,25000000,1236,1.786,992,0,0% 1% 2% 100%,1.788
fastaredux,gpp,2,25000000,1474,1.710,836,0,1% 0% 2% 100%,1.712
fastaredux,sbcl,5,25000000,2343,1.981,7416,0,2% 1% 1% 100%,1.983
fastaredux,sbcl,4,25000000,2005,5.662,5832,0,0% 0% 1% 100%,5.665
fastaredux,clojure,4,25000000,1503,9.636,52580,0,0% 1% 0% 100%,9.654
fastaredux,dart,1,25000000,1464,11.356,287976,0,1% 0% 0% 100%,11.363
fastaredux,csharp,3,25000000,1441,2.863,16436,0,0% 1% 1% 100%,2.865
fastaredux,perl,1,25000000,1112,177.268,2644,0,1% 1% 1% 99%,179.079
fastaredux,ifc,2,25000000,1369,3.392,508,0,0% 0% 0% 100%,3.396
fastaredux,gcc,2,25000000,1168,2.007,376,0,1% 0% 2% 100%,2.009
fastaredux,python3,7,25000000,972,3.576,13500,0,0% 0% 0% 100%,3.579
fastaredux,csharp,1,25000000,1438,2.675,16428,0,0% 1% 0% 100%,2.677
fastaredux,scala,3,25000000,1435,3.096,19824,0,0% 1% 0% 100%,3.099
fastaredux,gpp,5,25000000,1753,0.212,1076,0,0% 5% 0% 96%,0.214
fastaredux,gcc,3,25000000,1321,1.607,376,0,0% 1% 4% 100%,1.609
fastaredux,scala,2,25000000,1372,7.548,30068,0,0% 0% 1% 100%,7.555
fastaredux,go,3,25000000,1237,1.787,992,0,2% 18% 3% 100%,1.789
fastaredux,ats,4,25000000,2593,1.876,360,0,1% 0% 0% 100%,1.881
fastaredux,vw,1,25000000,1772,33.298,41280,0,0% 0% 0% 100%,33.310
fastaredux,java,3,25000000,1443,2.540,18504,0,1% 0% 0% 100%,2.545
fastaredux,gnat,2,25000000,1909,2.022,1500,0,0% 1% 2% 100%,2.024
fastaredux,fsharp,2,25000000,1074,2.950,18948,0,0% 1% 1% 100%,2.953
fastaredux,gpp,1,25000000,1470,2.506,836,0,1% 1% 0% 100%,2.509
knucleotide,oz,1,25000000,795,0.000,1555968,-2,0% 0% 0% 100%,40.757
knucleotide,python3,8,25000000,647,388.136,487132,0,0% 0% 0% 100%,388.471
knucleotide,clojure,7,25000000,3030,90.440,999180,0,0% 0% 0% 100%,90.512
knucleotide,yarv,2,25000000,420,508.124,169212,0,0% 0% 0% 100%,508.523
knucleotide,scala,1,25000000,1625,0.000,29880,-2,0% 0% 4% 100%,0.469
knucleotide,fsharp,1,25000000,701,173.172,630816,0,1% 1% 1% 100%,173.425
knucleotide,ocaml,2,25000000,1205,80.792,337884,0,0% 0% 0% 100%,80.900
knucleotide,csharp,6,25000000,1433,35.525,709152,0,0% 1% 1% 98%,36.314
knucleotide,ats,2,25000000,3238,46.187,125908,0,0% 0% 0% 100%,46.218
knucleotide,perl,1,25000000,648,0.000,0,-2,%,0.000
knucleotide,lua,2,25000000,613,192.800,707636,0,0% 0% 0% 100%,194.923
knucleotide,racket,1,25000000,542,196.380,1304808,0,0% 0% 0% 100%,196.688
knucleotide,python3,1,25000000,487,470.717,402572,0,0% 0% 0% 100%,472.781
knucleotide,ifc,2,25000000,2079,59.752,195756,0,0% 0% 0% 100%,59.792
knucleotide,clojure,6,25000000,1737,120.660,991012,0,0% 0% 0% 100%,121.530
knucleotide,ats,3,25000000,3810,75.245,136692,0,0% 0% 0% 100%,75.289
knucleotide,java,2,25000000,1602,52.100,504452,0,0% 0% 0% 100%,52.140
knucleotide,sbcl,3,25000000,1284,141.700,331224,0,1% 1% 1% 100%,141.769
knucleotide,racket,2,25000000,842,0.000,8,-10,0% 0% 3% 100%,0.287
knucleotide,go,1,25000000,980,186.313,380532,0,2% 29% 10% 100%,192.372
knucleotide,gnat,1,25000000,6503,14.918,400400,0,0% 1% 1% 100%,14.933
knucleotide,ocaml,3,25000000,1789,56.220,253628,0,0% 0% 0% 100%,56.291
knucleotide,oz,2,25000000,775,0.000,1564160,-2,0% 0% 0% 100%,42.548
knucleotide,sbcl,2,25000000,1277,142.033,331224,0,0% 1% 1% 100%,142.102
knucleotide,php,4,25000000,1060,306.864,247732,0,0% 0% 0% 100%,307.875
knucleotide,scala,4,25000000,1287,0.000,0,-2,0% 0% 11% 100%,0.088
knucleotide,sbcl,1,25000000,847,0.000,122016,-1,1% 1% 1% 2%,600.946
knucleotide,yarv,3,25000000,540,561.456,171816,0,0% 0% 0% 100%,562.250
knucleotide,v8,3,25000000,390,0.000,48932,-1,0% 1% 1% 100%,600.936
knucleotide,gcc,5,25000000,2519,55.028,281532,0,0% 0% 0% 100%,55.065
knucleotide,csharp,4,25000000,1696,89.297,559816,0,0% 1% 0% 100%,89.340
knucleotide,perl,2,25000000,359,212.236,778052,0,0% 0% 0% 100%,215.896
knucleotide,ghc,3,25000000,2749,91.362,431780,0,0% 0% 0% 100%,91.439
knucleotide,gcc,4,25000000,2409,8.856,174804,0,0% 1% 1% 100%,8.867
knucleotide,scala,2,25000000,2080,21.360,222344,0,0% 0% 0% 100%,21.380
knucleotide,ghc,2,25000000,1965,66.252,336132,0,0% 0% 0% 100%,66.322
knucleotide,scala,6,25000000,1380,97.440,492352,0,0% 0% 0% 100%,97.568
knucleotide,racket,4,25000000,881,88.004,378432,0,0% 0% 0% 100%,88.057
knucleotide,csharp,2,25000000,1012,142.182,302116,0,0% 1% 1% 100%,142.316
knucleotide,clojure,4,25000000,1944,203.176,990364,0,0% 0% 0% 100%,203.377
knucleotide,ocaml,1,25000000,870,69.348,443224,0,0% 0% 0% 100%,69.412
knucleotide,ifc,1,25000000,2238,81.657,186864,0,0% 0% 0% 100%,81.709
knucleotide,fsharp,4,25000000,1505,67.078,658428,0,1% 0% 1% 100%,67.136
knucleotide,jruby,2,25000000,421,0.000,95216,-2,0% 0% 0% 100%,3.339
knucleotide,fpascal,2,25000000,2383,78.917,130568,0,0% 0% 0% 100%,78.964
knucleotide,jruby,1,25000000,637,473.628,888904,0,0% 0% 0% 100%,474.632
knucleotide,php,1,25000000,1036,42.620,247832,0,0% 0% 0% 100%,42.656
knucleotide,csharp,5,25000000,2445,130.486,449428,0,1% 1% 1% 100%,130.659
knucleotide,sbcl,5,25000000,2301,36.858,138484,0,0% 0% 1% 100%,36.899
knucleotide,gcc,7,25000000,2280,41.126,180148,0,0% 1% 1% 100%,41.157
knucleotide,python3,2,25000000,624,95.938,496564,0,0% 0% 0% 100%,96.017
knucleotide,hipe,2,25000000,997,0.000,12404,-2,1% 0% 0% 100%,4.159
knucleotide,v8,1,25000000,423,0.000,57096,-1,0% 1% 1% 100%,600.936
knucleotide,yarv,4,25000000,449,121.956,459204,0,0% 0% 0% 100%,125.778
knucleotide,gpp,5,25000000,3416,7.409,50268,0,0% 1% 1% 100%,7.415
knucleotide,gcc,6,25000000,2439,56.880,180152,0,0% 0% 1% 100%,56.920
knucleotide,hipe,1,25000000,930,311.339,3632748,0,8% 2% 1% 100%,351.088
knucleotide,v8,5,25000000,1249,103.360,69512,0,0% 1% 1% 100%,103.452
knucleotide,gpp,6,25000000,3415,10.003,142140,0,1% 0% 1% 100%,10.014
knucleotide,java,3,25000000,1630,50.876,503184,0,0% 0% 0% 100%,50.916
knucleotide,v8,2,25000000,451,277.955,576980,0,0% 1% 1% 100%,278.152
knucleotide,gpp,3,25000000,1252,0.000,556,-2,3% 0% 74% 23%,0.319
knucleotide,jruby,4,25000000,449,85.500,2117148,0,0% 0% 0% 100%,85.618
knucleotide,java,1,25000000,5211,7.864,156208,0,0% 0% 0% 100%,7.875
knucleotide,sbcl,4,25000000,2272,36.957,138488,0,0% 1% 1% 100%,36.997
knucleotide,gnat,2,25000000,4865,35.121,256132,0,0% 1% 1% 100%,35.162
knucleotide,v8,4,25000000,1177,99.725,119756,0,0% 1% 0% 100%,99.819
knucleotide,jruby,3,25000000,540,485.076,886268,0,0% 0% 0% 100%,485.643
knucleotide,ghc,1,25000000,1693,58.224,357524,0,0% 0% 0% 100%,58.287
knucleotide,csharp,3,25000000,1404,96.207,334532,0,0% 0% 1% 100%,96.285
knucleotide,vw,5,25000000,1153,343.197,380852,0,0% 0% 0% 100%,343.479
knucleotide,yarv,1,25000000,637,571.252,130332,0,0% 0% 0% 100%,571.833
knucleotide,hipe,3,25000000,932,292.658,1160884,0,0% 0% 0% 100%,296.495
knucleotide,go,5,25000000,1268,76.125,261988,0,0% 1% 1% 100%,76.185
knucleotide,gpp,1,25000000,2106,0.000,0,-11,%,0.000
knucleotide,fsharp,3,25000000,1111,69.336,652876,0,0% 0% 1% 100%,69.393
knucleotide,csharp,1,25000000,1420,95.628,538808,0,0% 1% 1% 100%,95.665
mandelbrot,fpascal,4,16000,748,66.600,30772,0,0% 0% 0% 100%,66.620
mandelbrot,perl,4,16000,592,0.000,0,-2,0% 0% 0% 67%,0.015
mandelbrot,gpp,7,16000,1017,23.758,32288,0,0% 1% 1% 100%,23.767
mandelbrot,gcc,6,16000,879,24.626,29668,0,0% 0% 1% 100%,24.634
mandelbrot,lua,6,16000,623,854.577,24928,0,0% 0% 0% 100%,854.844
mandelbrot,java,3,16000,903,42.384,72544,0,0% 0% 0% 100%,42.400
mandelbrot,gnat,3,16000,1805,22.727,30344,0,1% 0% 1% 100%,22.745
mandelbrot,gpp,4,16000,840,15.476,32292,0,0% 0% 1% 100%,15.483
mandelbrot,python3,6,16000,1380,118.411,51204,0,0% 0% 0% 100%,118.558
mandelbrot,fpascal,1,16000,820,80.421,31976,0,0% 0% 0% 100%,80.440
mandelbrot,gpp,9,16000,726,33.060,32288,0,0% 0% 0% 100%,33.072
mandelbrot,gpp,3,16000,414,72.195,1076,0,0% 1% 1% 100%,72.218
mandelbrot,gcc,4,16000,799,24.154,29728,0,0% 1% 0% 100%,24.161
mandelbrot,gpp,8,16000,742,33.193,32288,0,0% 0% 0% 100%,33.205
mandelbrot,scala,4,16000,786,28.488,168972,0,0% 0% 0% 100%,28.504
mandelbrot,java,1,16000,665,42.700,18664,0,0% 0% 0% 100%,42.715
mandelbrot,gcc,7,16000,859,15.202,31048,0,0% 0% 1% 100%,15.207
mandelbrot,fpascal,2,16000,817,0.000,0,-11,%,0.000
mandelbrot,yarv,3,16000,307,1909.564,6760,0,0% 0% 0% 100%,1910.251
mandelbrot,lua,2,16000,367,827.940,1024,0,0% 0% 0% 100%,828.153
mandelbrot,hipe,1,16000,534,242.367,1221972,0,0% 0% 0% 100%,242.623
mandelbrot,lua,1,16000,353,660.733,1320,0,0% 0% 0% 100%,660.908
mandelbrot,php,1,16000,443,1208.180,4276,0,0% 0% 0% 100%,1208.593
mandelbrot,ifc,2,16000,813,0.000,291472,-10,0% 0% 0% 100%,50.270
mandelbrot,ifc,3,16000,754,0.000,0,-10,0% 0% 0% 100%,0.185
mandelbrot,ghc,3,16000,1293,22.916,37816,0,0% 0% 0% 100%,22.929
mandelbrot,gcc,1,16000,822,24.630,29676,0,0% 1% 0% 100%,24.638
mandelbrot,python3,3,16000,304,0.000,0,-2,0% 0% 0% 80%,0.037
mandelbrot,sbcl,1,16000,2459,28.385,36212,0,0% 0% 1% 100%,28.395
mandelbrot,jruby,3,16000,307,1094.216,610364,0,0% 0% 0% 100%,1096.268
mandelbrot,gpp,1,16000,1239,10.611,29908,0,1% 0% 0% 100%,10.616
mandelbrot,racket,2,16000,585,88.152,18420,0,0% 0% 0% 100%,88.190
mandelbrot,gpp,2,16000,687,39.437,32232,0,0% 0% 1% 100%,39.450
mandelbrot,csharp,1,16000,798,46.177,49828,0,0% 1% 1% 100%,46.190
mandelbrot,ats,1,16000,2148,24.534,29692,0,0% 0% 0% 100%,24.542
mandelbrot,gcc,5,16000,1026,7.300,15972,0,1% 0% 1% 100%,7.303
mandelbrot,java,6,16000,802,27.492,72440,0,0% 0% 0% 100%,27.513
mandelbrot,scala,3,16000,796,0.000,0,-2,0% 0% 0% 89%,0.075
mandelbrot,perl,3,16000,370,2557.144,2620,0,0% 0% 0% 100%,2558.004
mandelbrot,fsharp,3,16000,800,45.180,51168,0,0% 1% 1% 100%,45.192
mandelbrot,v8,2,16000,353,0.000,9340,-10,0% 0% 2% 100%,1.270
mandelbrot,gpp,5,16000,590,37.709,32232,0,0% 1% 1% 100%,37.722
mandelbrot,scala,1,16000,724,47.716,55380,0,0% 0% 0% 100%,47.736
mandelbrot,scala,2,16000,454,51.760,23268,0,0% 0% 0% 100%,51.777
mandelbrot,ifc,6,16000,967,14.985,30604,0,0% 0% 0% 100%,14.991
mandelbrot,ifc,5,16000,508,54.775,32460,0,0% 0% 0% 100%,54.789
mandelbrot,csharp,3,16000,701,45.199,50532,0,0% 0% 1% 100%,45.212
mandelbrot,gcc,3,16000,763,24.087,31816,0,0% 1% 1% 100%,24.095
mandelbrot,ocaml,6,16000,444,56.376,3132,0,0% 0% 0% 100%,56.399
mandelbrot,ifc,4,16000,611,47.395,54164,0,0% 0% 0% 100%,47.407
mandelbrot,php,3,16000,863,1245.824,115052,0,0% 0% 0% 100%,1246.272
mandelbrot,ifc,1,16000,485,0.000,252,-10,0% 0% 0% 100%,0.220
mandelbrot,fpascal,5,16000,829,134.992,31312,0,0% 0% 0% 100%,135.038
mandelbrot,csharp,5,16000,971,0.000,0,-10,5% 0% 0% 100%,0.196
mandelbrot,clojure,6,16000,1069,53.420,110628,0,0% 1% 0% 100%,53.449
mandelbrot,dart,1,16000,901,56.245,92936,0,1% 0% 0% 100%,56.266
mandelbrot,jruby,2,16000,925,0.000,597260,-10,0% 0% 0% 100%,19.569
mandelbrot,go,6,16000,700,46.342,31300,0,0% 0% 1% 100%,46.356
mandelbrot,python3,5,16000,449,2137.310,36524,0,0% 0% 0% 100%,2138.037
mandelbrot,fsharp,2,16000,1043,184.743,20292,0,1% 1% 1% 100%,184.794
mandelbrot,vw,2,16000,467,577.996,42596,0,0% 0% 0% 100%,578.157
mandelbrot,ocaml,1,16000,710,55.768,6548,0,0% 0% 0% 100%,55.924
mandelbrot,yarv,2,16000,925,2126.004,124704,0,0% 0% 0% 100%,2126.971
mandelbrot,ats,2,16000,1455,25.242,396,0,0% 0% 0% 100%,25.250
mandelbrot,javasteady,6,16000,874,27.204,444312,0,0% 0% 0% 100%,27.211
mandelbrot,csharp,2,16000,484,55.301,15592,0,0% 0% 0% 100%,55.316
mandelbrot,clojure,5,16000,1069,52.024,93520,0,0% 0% 0% 100%,52.044
mandelbrot,racket,3,16000,797,74.864,20960,0,0% 0% 0% 100%,74.894
mandelbrot,sbcl,3,16000,888,46.665,36480,0,1% 0% 0% 100%,46.678
mandelbrot,ghc,2,16000,782,43.363,38408,0,0% 0% 0% 100%,43.378
mandelbrot,javasteady,3,16000,970,38.975,398184,0,0% 0% 0% 100%,38.983
mandelbrot,java,2,16000,796,23.784,72064,0,0% 0% 0% 100%,23.795
mandelbrot,csharp,4,16000,872,32.169,50792,0,0% 0% 1% 100%,32.178
mandelbrot,gcc,2,16000,400,47.188,404,0,0% 0% 1% 100%,47.201
mandelbrot,python3,2,16000,777,1729.804,100660,0,0% 0% 0% 100%,1730.598
mandelbrot,oz,1,16000,559,0.000,3678600,-1,1% 1% 1% 100%,3606.096
mandelbrot,racket,1,16000,517,102.476,17360,0,0% 0% 0% 100%,102.648
mandelbrot,gpp,6,16000,1035,28.644,31840,0,0% 1% 0% 100%,28.654
mandelbrot,fsharp,4,16000,869,36.731,56232,0,0% 1% 0% 100%,36.742
mandelbrot,racket,4,16000,796,73.224,60496,0,0% 0% 0% 100%,73.256
mandelbrot,gnat,2,16000,572,57.208,1244,0,1% 0% 0% 100%,57.223
mandelbrot,fpascal,3,16000,530,75.401,8,0,0% 0% 0% 100%,75.421
meteor,ghc,4,2098,803,1.684,3928,0,1% 1% 1% 100%,1.689
meteor,gpp,4,2098,5330,0.072,0,0,0% 0% 0% 100%,0.074
meteor,yarv,1,2098,2768,11.132,7788,0,0% 0% 0% 100%,11.144
meteor,python3,1,2098,1442,9.941,6232,0,0% 0% 0% 100%,9.948
meteor,yarv,2,2098,2786,5.832,7280,0,0% 0% 0% 100%,5.839
meteor,java,2,2098,5177,0.396,748,0,0% 0% 3% 97%,0.400
meteor,gnat,1,2098,7416,0.084,0,0,0% 0% 0% 100%,0.086
meteor,gpp,2,2098,4080,0.154,0,0,0% 0% 0% 100%,0.155
meteor,java,1,2098,4368,0.848,21148,0,0% 0% 0% 98%,0.861
meteor,ghc,3,2098,1804,0.688,3680,0,0% 1% 1% 100%,0.691
meteor,gpp,1,2098,4343,0.120,0,0,0% 0% 0% 100%,0.122
meteor,ghc,1,2098,2200,1.044,3748,0,0% 1% 1% 100%,1.050
meteor,lua,2,2098,1657,0.968,3364,0,0% 0% 1% 100%,0.972
meteor,python3,3,2098,1206,9.577,6992,0,0% 0% 0% 100%,9.585
meteor,scala,1,2098,2088,0.000,0,-2,0% 0% 0% 90%,0.087
meteor,python3,2,2098,1311,7.656,6440,0,0% 0% 0% 100%,7.661
meteor,gpp,5,2098,5051,0.082,0,0,11% 0% 0% 100%,0.084
meteor,lua,4,2098,2225,0.716,3360,0,0% 11% 1% 100%,0.720
meteor,vw,1,2098,5304,0.600,42336,0,0% 2% 0% 100%,0.605
meteor,gcc,1,2098,3066,0.083,0,0,0% 0% 0% 90%,0.084
meteor,gpp,3,2098,4862,0.083,0,0,0% 0% 0% 90%,0.084
meteor,go,1,2098,2986,0.131,0,0,7% 0% 0% 100%,0.132
meteor,ghc,2,2098,1891,0.812,3684,0,0% 0% 0% 100%,0.815
meteor,fpascal,3,2098,5471,0.084,0,0,0% 0% 0% 100%,0.088
meteor,lua,1,2098,1561,2.016,3124,0,0% 2% 0% 100%,2.021
meteor,scala,4,2098,2532,0.000,0,-2,0% 0% 0% 100%,0.086
meteor,ghc,5,2098,2919,0.464,3684,0,0% 2% 0% 100%,0.469
meteor,perl,1,2098,1541,49.800,4056,0,0% 0% 0% 100%,49.825
meteor,ocaml,1,2098,2156,0.784,3888,0,0% 0% 3% 100%,0.787
meteor,lua,3,2098,1703,0.960,3392,0,0% 1% 0% 100%,0.962
meteor,racket,1,2098,1907,0.600,19656,0,0% 0% 3% 100%,0.603
meteor,perl,2,2098,1502,24.756,4056,0,0% 0% 0% 100%,24.768
meteor,clojure,2,2098,3689,5.108,77764,0,0% 1% 0% 100%,5.117
meteor,gpp,6,2098,2620,0.045,0,0,0% 17% 17% 83%,0.046
meteor,jruby,1,2098,2768,26.788,603540,0,0% 0% 0% 100%,26.840
meteor,jruby,2,2098,2786,21.700,629172,0,0% 0% 0% 100%,21.740
nbody,oz,1,50000000,1446,0.000,1555964,-10,6% 6% 6% 100%,123.662
nbody,scala,1,50000000,1358,26.432,24300,0,0% 1% 0% 100%,26.443
nbody,csharp,4,50000000,1461,31.794,15852,0,0% 0% 0% 100%,31.803
nbody,fpascal,1,50000000,1308,34.738,8,0,0% 0% 0% 100%,34.747
nbody,csharp,1,50000000,1403,38.073,16112,0,0% 0% 0% 100%,38.083
nbody,dart,2,50000000,1274,55.128,40920,0,0% 1% 0% 100%,55.210
nbody,java,2,50000000,1424,22.600,17876,0,1% 0% 0% 100%,22.610
nbody,ifc,2,50000000,1496,19.953,512,0,0% 0% 0% 100%,19.962
nbody,csharp,6,50000000,1289,24.130,15592,0,1% 0% 1% 100%,24.137
nbody,ifc,3,50000000,1299,21.529,512,0,0% 0% 0% 100%,21.535
nbody,gpp,3,50000000,1763,9.912,836,0,0% 1% 1% 100%,9.917
nbody,ocaml,1,50000000,1239,21.864,720,0,0% 1% 0% 100%,21.873
nbody,csharp,3,50000000,1305,22.890,15588,0,0% 0% 1% 100%,22.897
nbody,go,1,50000000,1310,22.848,992,0,0% 1% 1% 100%,22.855
nbody,lua,4,50000000,1305,450.400,1040,0,0% 0% 0% 100%,450.512
nbody,ifc,1,50000000,1389,20.057,512,0,0% 0% 0% 100%,20.064
nbody,v8,3,50000000,1505,33.762,9292,0,0% 1% 1% 100%,33.772
nbody,gcc,5,50000000,1429,20.901,376,0,0% 1% 0% 100%,20.907
nbody,gcc,6,50000000,1180,20.588,436,0,1% 0% 0% 100%,20.594
nbody,gpp,2,50000000,2288,13.388,1076,0,0% 0% 1% 100%,13.393
nbody,dart,3,50000000,1420,27.758,8856,0,1% 0% 0% 100%,27.768
nbody,hipe,3,50000000,1399,119.803,12108,0,0% 0% 0% 100%,119.840
nbody,dart,1,50000000,1689,0.000,0,-2,0% 0% 0% 100%,0.034
nbody,jruby,2,50000000,1137,562.360,638504,0,0% 0% 0% 100%,563.331
nbody,gcc,1,50000000,1173,20.865,440,0,0% 0% 1% 100%,20.872
nbody,javasteady,2,50000000,1498,22.409,17344,0,0% 0% 0% 100%,22.413
nbody,fsharp,1,50000000,1259,25.810,25028,0,0% 0% 0% 100%,25.820
nbody,ats,2,50000000,1920,20.277,432,0,0% 0% 0% 100%,20.283
nbody,gpp,1,50000000,1659,19.562,440,0,0% 0% 0% 100%,19.569
nbody,vw,1,50000000,1652,192.748,42880,0,0% 0% 0% 100%,192.799
nbody,ghc,1,50000000,1695,27.378,2232,0,0% 1% 0% 100%,27.387
nbody,gpp,4,50000000,1428,20.922,372,0,0% 0% 1% 100%,20.929
nbody,v8,2,50000000,1527,42.886,9836,0,0% 0% 1% 100%,42.899
nbody,csharp,5,50000000,1485,31.490,16120,0,0% 1% 0% 100%,31.499
nbody,gnat,1,50000000,1608,25.657,1508,0,1% 0% 0% 100%,25.664
nbody,sbcl,1,50000000,1363,42.294,5044,0,0% 0% 0% 100%,42.305
nbody,ifc,4,50000000,1172,22.469,512,0,0% 0% 0% 100%,22.476
nbody,clojure,1,50000000,2162,27.044,45064,0,0% 0% 0% 100%,27.057
nbody,gcc,4,50000000,1490,10.180,436,0,0% 1% 0% 100%,10.184
nbody,lua,1,50000000,1201,519.720,1036,0,0% 0% 0% 100%,519.845
nbody,gpp,6,50000000,1668,19.334,436,0,1% 0% 0% 100%,19.341
nbody,v8,1,50000000,1287,35.679,9564,0,0% 1% 0% 100%,35.689
nbody,gnat,5,50000000,2427,15.427,1500,0,1% 0% 0% 100%,15.432
nbody,perl,2,50000000,1401,1038.344,2620,0,0% 0% 0% 100%,1038.676
nbody,fpascal,3,50000000,1418,35.382,8,0,0% 0% 0% 100%,35.394
nbody,sbcl,2,50000000,1398,28.720,5044,0,0% 0% 0% 100%,28.728
nbody,fpascal,2,50000000,1322,36.994,8,0,0% 0% 0% 100%,37.005
nbody,php,3,50000000,1082,703.896,3340,0,0% 0% 0% 100%,704.120
nbody,gpp,5,50000000,1749,13.441,1072,0,0% 0% 1% 100%,13.446
nbody,gcc,3,50000000,1208,20.656,436,0,0% 0% 1% 100%,20.662
nbody,yarv,2,50000000,1137,707.872,6540,0,0% 0% 0% 100%,708.098
nbody,racket,2,50000000,1689,54.764,25204,0,0% 0% 0% 100%,54.808
nbody,racket,1,50000000,1496,103.396,25132,0,0% 0% 0% 100%,103.487
nbody,lua,2,50000000,1193,472.610,1040,0,0% 0% 0% 100%,472.725
nbody,gpp,7,50000000,1545,9.783,436,0,1% 0% 0% 100%,9.787
nbody,gcc,2,50000000,1263,22.198,436,0,1% 0% 0% 100%,22.204
nbody,csharp,2,50000000,1410,23.149,15852,0,0% 0% 1% 100%,23.155
nbody,gnat,3,50000000,1740,23.279,1508,0,0% 0% 1% 100%,23.285
nbody,python3,1,50000000,1181,916.321,6296,0,0% 0% 0% 100%,916.585
nbody,ghc,2,50000000,1874,22.933,2240,0,0% 0% 0% 100%,22.943
pidigits,clojure,3,10000,482,28.048,84960,0,0% 0% 0% 100%,28.095
pidigits,yarv,2,10000,653,0.000,0,-2,0% 0% 0% 100%,0.080
pidigits,python3,3,10000,520,4.540,7116,0,0% 0% 0% 100%,4.546
pidigits,javasteady,2,10000,983,0.000,0,-2,0% 0% 0% 100%,0.001
pidigits,gcc,4,10000,541,2.287,944,0,1% 1% 1% 100%,2.289
pidigits,java,3,10000,1826,6.016,51204,0,0% 0% 0% 100%,6.023
pidigits,lua,1,10000,522,2.944,1748,0,0% 0% 1% 100%,2.948
pidigits,ats,3,10000,1154,2.288,928,0,1% 0% 0% 100%,2.291
pidigits,ocaml,2,10000,510,19.896,7764,0,0% 0% 0% 100%,19.935
pidigits,sbcl,1,10000,1073,2.371,5452,0,1% 0% 1% 100%,2.373
pidigits,lua,7,10000,477,3.700,1680,0,0% 0% 0% 100%,3.705
pidigits,vw,4,10000,652,11.253,43644,0,0% 0% 0% 100%,11.265
pidigits,java,1,10000,800,18.584,368132,0,0% 0% 0% 100%,18.621
pidigits,perl,2,10000,385,4.772,4092,0,0% 0% 0% 100%,4.777
pidigits,hipe,2,10000,512,15.521,21336,0,0% 0% 0% 100%,15.542
pidigits,python3,4,10000,246,0.044,0,0,0% 0% 17% 100%,0.049
pidigits,clojure,4,10000,1794,7.896,394264,0,1% 2% 0% 100%,7.909
pidigits,jruby,1,10000,518,37.616,655080,0,0% 0% 0% 100%,37.690
pidigits,lua,3,10000,414,2.332,1672,0,0% 0% 0% 100%,2.337
pidigits,yarv,4,10000,240,9.788,14724,0,0% 0% 0% 100%,9.805
pidigits,gnat,1,10000,1143,10.847,2152,0,1% 0% 1% 100%,10.851
pidigits,scala,1,10000,355,0.000,0,-2,0% 0% 0% 90%,0.089
pidigits,java,2,10000,938,3.068,22072,0,0% 1% 1% 100%,3.073
pidigits,fsharp,3,10000,903,10.999,17488,0,0% 1% 1% 100%,11.004
pidigits,racket,2,10000,1122,2.308,24492,0,0% 1% 0% 100%,2.313
pidigits,go,4,10000,607,3.502,3936,0,0% 1% 1% 100%,3.506
pidigits,php,5,10000,394,2.148,4284,0,0% 0% 0% 100%,2.151
pidigits,php,4,10000,384,2.160,4284,0,0% 0% 0% 100%,2.165
pidigits,lua,2,10000,1144,217.518,2216,0,0% 0% 0% 100%,217.577
pidigits,yarv,1,10000,518,22.980,16696,0,0% 0% 0% 100%,23.020
pidigits,oz,1,10000,547,0.000,0,-2,0% 0% 0% 100%,0.053
pidigits,lua,5,10000,479,1.932,1932,0,0% 1% 1% 100%,1.936
pidigits,csharp,3,10000,1026,10.991,16316,0,0% 1% 1% 100%,10.996
pidigits,ocaml,1,10000,560,2.804,9036,0,0% 1% 1% 100%,2.808
pidigits,gnat,2,10000,1254,2.289,2076,0,0% 1% 2% 100%,2.291
pidigits,fpascal,2,10000,785,2.776,1028,0,2% 1% 0% 100%,2.782
pidigits,php,1,10000,736,539.220,6392,0,0% 0% 0% 100%,539.453
pidigits,clojure,2,10000,571,25.156,78884,0,0% 0% 0% 100%,25.196
pidigits,ocaml,4,10000,1481,9.300,2832,0,0% 0% 0% 100%,9.306
pidigits,javasteady,4,10000,1851,5.253,121476,0,0% 0% 0% 100%,5.254
pidigits,dart,1,10000,321,26.019,41032,0,0% 1% 1% 100%,26.056
pidigits,gcc,1,10000,448,1.725,944,0,0% 1% 2% 100%,1.727
pidigits,python3,1,10000,242,6.388,6736,0,0% 0% 0% 100%,6.395
pidigits,ats,1,10000,671,3.124,1164,0,0% 0% 0% 100%,3.129
pidigits,scala,4,10000,1125,3.612,54908,0,0% 0% 0% 100%,3.616
pidigits,racket,1,10000,453,25.012,124116,0,0% 0% 1% 100%,25.056
pidigits,ghc,4,10000,341,3.404,5788,0,0% 1% 0% 100%,3.409
pidigits,python3,2,10000,255,2.396,6928,0,2% 0% 0% 100%,2.401
pidigits,perl,4,10000,261,4.288,4100,0,0% 0% 0% 100%,4.295
pidigits,ifc,3,10000,975,1.912,1324,0,0% 3% 0% 100%,1.914
pidigits,fpascal,1,10000,3042,29.426,824,0,0% 0% 0% 100%,29.435
pidigits,jruby,3,10000,242,22.040,615904,0,0% 0% 0% 100%,22.084
pidigits,scala,3,10000,479,20.168,1082160,0,0% 1% 1% 100%,20.208
pidigits,ifc,1,10000,1768,0.000,1328,-2,0% 2% 0% 100%,0.567
pidigits,yarv,3,10000,242,9.864,14516,0,1% 0% 0% 100%,9.885
pidigits,perl,3,10000,301,4.368,4052,0,0% 0% 0% 100%,4.371
pidigits,sbcl,2,10000,645,18.601,216852,0,1% 0% 0% 100%,18.636
pidigits,lua,4,10000,745,113.359,1816,0,0% 0% 0% 100%,113.391
pidigits,perl,1,10000,452,15.248,6100,0,0% 0% 0% 100%,15.257
pidigits,php,2,10000,537,3.376,4800,0,0% 0% 0% 100%,3.381
pidigits,csharp,2,10000,856,39.754,43768,0,0% 0% 1% 100%,39.813
pidigits,gpp,3,10000,682,2.284,1660,0,1% 0% 0% 100%,2.286
pidigits,jruby,4,10000,240,21.588,610344,0,0% 0% 0% 100%,21.639
pidigits,php,3,10000,500,2.244,4328,0,0% 1% 0% 100%,2.248
pidigits,ifc,2,10000,934,2.288,1324,0,3% 0% 0% 100%,2.294
pidigits,java,4,10000,1808,6.112,53932,0,0% 0% 0% 100%,6.119
pidigits,ats,2,10000,942,1.884,816,0,0% 1% 0% 100%,1.887
pidigits,scala,2,10000,632,8.076,369688,0,0% 0% 0% 100%,8.094
pidigits,ocaml,3,10000,869,16.200,7752,0,0% 0% 0% 100%,16.232
pidigits,lua,8,10000,609,0.584,1424,0,0% 2% 3% 100%,0.589
pidigits,hipe,1,10000,559,17.325,22216,0,0% 0% 0% 100%,17.350
pidigits,fsharp,1,10000,513,54.299,48180,0,0% 1% 1% 100%,54.380
regexdna,lua,1,5000000,437,44.335,467336,0,0% 0% 0% 100%,44.377
regexdna,racket,2,5000000,536,0.000,0,-10,0% 0% 0% 95%,0.190
regexdna,go,7,5000000,652,65.266,442144,0,0% 1% 1% 100%,65.290
regexdna,jruby,6,5000000,442,38.044,818760,0,0% 0% 0% 100%,38.079
regexdna,php,2,5000000,449,34.172,207884,0,0% 0% 0% 100%,34.190
regexdna,hipe,1,5000000,622,0.000,11852,-1,2% 1% 1% 1%,600.888
regexdna,gnat,6,5000000,3740,18.764,100256,0,0% 1% 1% 100%,18.794
regexdna,perl,4,5000000,440,60.284,188604,0,0% 0% 0% 100%,60.307
regexdna,csharp,2,5000000,594,74.965,282848,0,0% 1% 1% 100%,74.992
regexdna,scala,1,5000000,611,35.576,855108,0,0% 0% 0% 100%,35.614
regexdna,ocaml,1,5000000,1502,19.216,511724,0,0% 0% 0% 100%,19.254
regexdna,python3,5,5000000,424,21.753,200012,0,0% 0% 0% 100%,21.769
regexdna,fsharp,1,5000000,639,72.180,934572,0,0% 0% 0% 100%,72.216
regexdna,lua,2,5000000,596,30.992,349596,0,0% 0% 0% 100%,31.009
regexdna,v8,1,5000000,365,0.000,0,-10,0% 0% 0% 100%,0.051
regexdna,gnat,5,5000000,3492,17.404,98520,0,0% 1% 1% 100%,17.422
regexdna,ghc,2,5000000,1518,27.206,329352,0,0% 1% 0% 100%,27.223
regexdna,ats,2,5000000,3474,24.750,224896,0,0% 0% 0% 100%,24.768
regexdna,gcc,4,5000000,1525,18.566,86768,0,0% 1% 1% 100%,18.575
regexdna,jruby,1,5000000,308,86.896,1962264,0,0% 1% 1% 100%,86.961
regexdna,csharp,6,5000000,638,75.343,263120,0,0% 1% 1% 100%,75.379
regexdna,yarv,6,5000000,442,21.732,154392,0,0% 0% 0% 100%,21.749
regexdna,scala,2,5000000,668,32.168,875200,0,0% 0% 0% 100%,32.196
regexdna,go,1,5000000,733,128.957,562900,0,0% 1% 1% 100%,129.002
regexdna,vw,1,5000000,584,350.706,356756,0,0% 0% 0% 100%,350.965
regexdna,racket,1,5000000,527,40.368,677040,0,0% 0% 0% 100%,40.400
regexdna,java,6,5000000,1410,21.532,628220,0,0% 0% 0% 100%,21.548
regexdna,php,1,5000000,788,12.060,200280,0,0% 0% 0% 100%,26.533
regexdna,java,2,5000000,1534,34.524,761540,0,0% 0% 0% 100%,34.552
regexdna,ocaml,4,5000000,1050,1.444,264744,0,0% 0% 0% 100%,23.155
regexdna,lua,3,5000000,669,19.256,346052,0,0% 0% 0% 100%,19.273
regexdna,scala,5,5000000,1084,22.282,560248,0,1% 1% 1% 100%,22.296
regexdna,fsharp,2,5000000,413,78.336,834480,0,0% 1% 1% 100%,78.381
regexdna,java,4,5000000,921,23.084,835888,0,0% 0% 0% 100%,23.102
regexdna,sbcl,1,5000000,591,0.000,1549812,-1,0% 1% 1% 7%,601.201
regexdna,hipe,7,5000000,1198,6.988,237632,0,0% 0% 0% 100%,7.001
regexdna,yarv,5,5000000,343,25.068,105276,0,0% 0% 0% 100%,25.082
regexdna,gcc,2,5000000,1099,23.678,124768,0,0% 0% 1% 100%,23.688
regexdna,perl,6,5000000,477,4.420,190588,0,1% 0% 0% 100%,4.429
regexdna,ats,1,5000000,2482,24.222,171536,0,0% 0% 0% 100%,24.241
regexdna,dart,2,5000000,648,0.000,65060,-1,0% 1% 1% 100%,300.576
regexdna,gpp,1,5000000,648,5.611,213956,0,1% 1% 1% 100%,5.621
regexdna,hipe,6,5000000,1058,98.370,210920,0,0% 0% 0% 100%,98.406
regexdna,clojure,3,5000000,710,45.476,564072,0,0% 0% 0% 100%,45.563
regexdna,yarv,3,5000000,501,30.596,335528,0,0% 0% 0% 100%,30.642
regexdna,jruby,3,5000000,501,44.372,2029696,0,0% 0% 0% 100%,44.414
regexdna,fsharp,3,5000000,870,73.881,2330220,0,0% 1% 1% 100%,73.927
regexdna,perl,2,5000000,527,30.688,139344,0,0% 0% 0% 100%,30.719
regexdna,go,8,5000000,785,65.111,486856,0,0% 1% 1% 100%,65.139
regexdna,jruby,5,5000000,343,40.784,816724,0,0% 0% 0% 100%,40.831
regexdna,java,7,5000000,1284,23.036,562340,0,0% 0% 0% 100%,23.050
regexdna,sbcl,3,5000000,1948,40.093,892428,0,0% 1% 1% 100%,40.113
regexdna,yarv,2,5000000,417,29.740,384868,0,0% 0% 0% 100%,29.762
regexdna,python3,1,5000000,478,26.662,267572,0,0% 0% 0% 100%,26.776
regexdna,gcc,1,5000000,2579,5.203,308328,0,0% 0% 1% 100%,5.213
regexdna,java,5,5000000,929,23.280,712764,0,0% 0% 0% 100%,23.298
regexdna,v8,2,5000000,373,3.704,418060,0,0% 0% 0% 100%,3.712
regexdna,csharp,1,5000000,624,76.676,597160,0,0% 0% 1% 100%,76.714
regexdna,gpp,2,5000000,695,5.579,199444,0,1% 1% 1% 100%,5.589
regexdna,scala,4,5000000,723,0.000,157376,-2,0% 0% 2% 100%,0.464
regexdna,gpp,4,5000000,1759,12.575,94864,0,0% 1% 1% 100%,12.583
regexdna,yarv,1,5000000,308,44.088,389584,0,0% 0% 0% 100%,44.114
regexdna,scala,3,5000000,633,0.000,21564,-2,0% 0% 2% 98%,0.605
regexdna,jruby,2,5000000,417,44.148,2028128,0,0% 0% 0% 100%,44.193
regexdna,perl,7,5000000,567,4.240,139600,0,0% 0% 0% 100%,4.262
regexdna,ocaml,2,5000000,615,19.032,511660,0,0% 0% 0% 100%,19.057
regexdna,gpp,3,5000000,844,27.179,179144,0,0% 1% 1% 100%,27.201
regexdna,ocaml,3,5000000,1014,19.216,511712,0,0% 0% 0% 100%,19.258
regexdna,php,3,5000000,459,26.336,219356,0,0% 1% 0% 100%,26.354
regexdna,dart,1,5000000,632,0.000,0,-2,0% 0% 0% 100%,0.041
regexdna,php,4,5000000,832,26.444,151124,0,0% 0% 0% 100%,26.466
regexdna,fpascal,1,5000000,1199,19.557,109976,0,0% 0% 0% 100%,19.574
regexdna,java,3,5000000,2084,7.476,260812,0,0% 0% 0% 100%,7.483
regexdna,clojure,4,5000000,707,25.214,725080,0,1% 1% 1% 100%,25.233
revcomp,java,7,25000000,1640,2.176,267492,0,18% 4% 2% 98%,9.346
revcomp,ocaml,1,25000000,1064,0.000,62984,0,0% 0% 1% 100%,2.316
revcomp,lua,3,25000000,593,0.000,0,-2,0% 0% 0% 100%,0.060
revcomp,clojure,3,25000000,812,4.752,554684,0,0% 0% 0% 100%,4.763
revcomp,java,6,25000000,745,1.796,515468,0,0% 0% 1% 100%,1.807
revcomp,ats,2,25000000,1895,0.860,122676,0,0% 0% 0% 100%,0.869
revcomp,perl,3,25000000,284,2.904,374548,0,0% 0% 0% 100%,2.912
revcomp,v8,4,25000000,787,8.946,380564,0,0% 0% 1% 100%,8.956
revcomp,yarv,2,25000000,255,9.000,129432,0,0% 0% 0% 100%,9.014
revcomp,racket,2,25000000,1026,4.340,170464,0,0% 0% 0% 100%,4.349
revcomp,java,1,25000000,476,1.712,515048,0,1% 0% 1% 99%,1.724
revcomp,clojure,1,25000000,1044,4.312,409276,0,1% 0% 0% 100%,4.324
revcomp,php,2,25000000,262,6.412,444380,0,0% 0% 0% 100%,6.424
revcomp,scala,6,25000000,519,0.000,1064152,-2,0% 0% 0% 100%,108.356
revcomp,python3,5,25000000,306,4.148,486936,0,0% 0% 0% 100%,4.163
revcomp,csharp,1,25000000,1099,2.387,172552,0,0% 1% 2% 100%,2.391
revcomp,ghc,2,25000000,912,2.336,618856,0,0% 2% 0% 100%,2.364
revcomp,scala,7,25000000,949,3.904,789628,0,1% 0% 0% 100%,3.919
revcomp,ifc,2,25000000,772,6.476,165828,0,0% 0% 0% 100%,6.489
revcomp,gnat,1,25000000,885,2.761,123784,0,1% 2% 0% 100%,2.766
revcomp,ghc,3,25000000,999,1.252,126096,0,1% 1% 0% 100%,1.258
revcomp,lua,1,25000000,555,18.341,796612,0,0% 0% 0% 100%,18.367
revcomp,go,3,25000000,543,1.193,160412,0,1% 0% 1% 100%,1.197
revcomp,sbcl,1,25000000,896,2.558,372808,0,0% 0% 2% 100%,2.564
revcomp,hipe,1,25000000,1302,19.201,632616,0,0% 0% 0% 100%,19.230
revcomp,vw,1,25000000,754,31.102,331836,0,0% 0% 0% 100%,31.129
revcomp,scala,8,25000000,761,1.952,449836,0,0% 0% 1% 100%,1.961
revcomp,v8,1,25000000,390,24.904,508880,0,0% 1% 1% 100%,24.935
revcomp,gcc,1,25000000,1867,0.906,482488,0,2% 2% 1% 100%,0.910
revcomp,gpp,2,25000000,1082,1.054,245072,0,0% 4% 6% 99%,1.061
revcomp,ocaml,3,25000000,1314,0.000,31316,0,1% 1% 2% 100%,1.539
revcomp,ifc,1,25000000,1013,1.156,153560,0,3% 1% 2% 100%,1.172
revcomp,dart,3,25000000,551,20.813,1711352,0,0% 0% 1% 100%,20.853
revcomp,dart,1,25000000,443,0.000,0,-2,20% 0% 0% 100%,0.043
revcomp,php,1,25000000,297,6.564,369944,0,0% 0% 0% 100%,6.578
revcomp,clojure,4,25000000,997,5.236,449436,0,0% 1% 0% 100%,5.247
revcomp,v8,3,25000000,498,16.633,454968,0,0% 1% 0% 100%,16.649
revcomp,gcc,4,25000000,704,1.121,125180,0,0% 1% 3% 99%,1.124
revcomp,gcc,2,25000000,741,0.707,248720,0,4% 7% 1% 99%,0.711
revcomp,racket,1,25000000,547,14.048,584300,0,0% 0% 0% 100%,14.065
revcomp,scala,4,25000000,501,2.360,357092,0,0% 0% 2% 100%,2.371
revcomp,ocaml,2,25000000,394,4.480,211500,0,0% 0% 0% 100%,4.492
revcomp,fpascal,2,25000000,751,2.068,131756,0,0% 1% 0% 100%,2.079
revcomp,jruby,2,25000000,255,25.292,1148812,0,1% 0% 0% 100%,25.330
revcomp,hipe,3,25000000,624,48.659,1307344,0,0% 0% 0% 100%,48.743
revcomp,gpp,4,25000000,2275,0.872,230816,0,0% 0% 1% 100%,0.877
revcomp,dart,2,25000000,555,33.263,1701736,0,0% 1% 0% 100%,33.319
revcomp,scala,5,25000000,329,0.000,878644,-2,0% 0% 0% 100%,77.317
revcomp,csharp,3,25000000,863,7.590,286444,0,0% 1% 1% 100%,7.601
revcomp,oz,1,25000000,651,0.000,1562028,-1,0% 0% 0% 100%,3604.723
revcomp,hipe,4,25000000,1167,34.194,596816,0,0% 0% 0% 100%,34.224
revcomp,gpp,1,25000000,571,2.696,245428,0,0% 0% 2% 100%,2.709
revcomp,python3,4,25000000,325,5.380,675272,0,0% 0% 0% 100%,5.395
revcomp,java,4,25000000,592,2.500,479608,0,0% 0% 0% 100%,2.514
revcomp,java,3,25000000,1661,2.724,299524,0,1% 0% 0% 100%,2.733
revcomp,ocaml,4,25000000,2064,1.524,135096,0,0% 0% 2% 100%,1.660
revcomp,v8,2,25000000,456,21.851,599344,0,0% 1% 0% 100%,21.878
revcomp,python3,3,25000000,295,22.925,955436,0,0% 0% 0% 100%,22.953
revcomp,go,1,25000000,1243,0.983,249664,0,1% 2% 1% 100%,0.987
revcomp,gnat,2,25000000,3220,0.934,197656,0,0% 1% 3% 99%,0.947
revcomp,gpp,5,25000000,646,18.593,127072,0,0% 1% 1% 100%,18.601
revcomp,gpp,3,25000000,810,1.161,125176,0,0% 0% 2% 100%,1.164
revcomp,go,2,25000000,546,1.154,160676,0,1% 1% 4% 100%,1.157
spectralnorm,go,2,5500,668,15.700,1240,0,0% 0% 1% 100%,15.705
spectralnorm,vw,2,5500,438,91.026,42880,0,0% 0% 0% 100%,91.048
spectralnorm,java,1,5500,514,17.008,19396,0,0% 0% 0% 100%,17.018
spectralnorm,php,3,5500,1193,453.448,24436,0,0% 0% 0% 100%,453.716
spectralnorm,php,2,5500,397,431.796,7240,0,0% 0% 0% 100%,431.935
spectralnorm,ifc,1,5500,568,7.844,1348,0,0% 0% 0% 100%,7.850
spectralnorm,gnat,3,5500,1702,16.303,1940,0,0% 0% 1% 100%,16.318
spectralnorm,ats,1,5500,1138,20.697,720,0,0% 0% 0% 100%,20.704
spectralnorm,gnat,4,5500,2762,7.859,1940,0,0% 0% 1% 100%,7.873
spectralnorm,perl,3,5500,846,893.500,9592,0,0% 0% 0% 100%,894.181
spectralnorm,sbcl,3,5500,883,15.712,5904,0,0% 0% 1% 100%,15.718
spectralnorm,gpp,2,5500,1330,7.849,756,0,1% 1% 0% 100%,7.853
spectralnorm,gcc,1,5500,383,20.685,472,0,0% 0% 1% 100%,20.691
spectralnorm,ifc,2,5500,513,7.844,788,0,1% 0% 0% 100%,7.851
spectralnorm,gpp,1,5500,452,20.742,1080,0,0% 0% 0% 100%,20.750
spectralnorm,ifc,3,5500,638,7.848,1324,0,0% 0% 1% 100%,7.855
spectralnorm,python3,6,5500,328,787.373,7096,0,0% 0% 0% 100%,787.621
spectralnorm,racket,1,5500,446,40.220,19324,0,0% 0% 0% 100%,40.236
spectralnorm,ats,4,5500,2507,10.625,720,0,0% 0% 0% 100%,10.632
spectralnorm,scala,4,5500,1006,0.000,712,-2,0% 0% 8% 100%,0.247
spectralnorm,jruby,1,5500,292,293.872,617724,0,0% 0% 0% 100%,294.393
spectralnorm,gnat,1,5500,710,21.754,1504,0,0% 1% 0% 100%,21.761
spectralnorm,lua,1,5500,329,252.652,1288,0,0% 0% 0% 100%,252.715
spectralnorm,yarv,4,5500,326,326.704,8332,0,0% 0% 0% 100%,326.810
spectralnorm,jruby,4,5500,326,253.860,616428,0,0% 0% 0% 100%,254.313
spectralnorm,gcc,3,5500,463,15.701,752,0,0% 1% 0% 100%,15.706
spectralnorm,ocaml,3,5500,938,15.916,3556,0,0% 0% 0% 100%,16.724
spectralnorm,racket,2,5500,532,37.828,20812,0,0% 0% 0% 100%,37.845
spectralnorm,v8,2,5500,328,15.703,9260,0,0% 1% 0% 100%,15.708
spectralnorm,perl,2,5500,343,903.432,3816,0,0% 0% 0% 100%,903.750
spectralnorm,python3,8,5500,449,1009.447,6224,0,0% 0% 0% 100%,1009.741
spectralnorm,sbcl,2,5500,906,15.710,5904,0,0% 1% 1% 100%,15.717
spectralnorm,ghc,4,5500,984,15.693,1460,0,0% 0% 0% 100%,15.698
spectralnorm,hipe,1,5500,507,59.068,14624,0,0% 0% 0% 100%,59.089
spectralnorm,ghc,2,5500,403,37.682,4376,0,0% 0% 0% 100%,37.693
spectralnorm,go,3,5500,536,15.700,1716,0,0% 1% 1% 100%,15.705
spectralnorm,clojure,6,5500,808,18.168,46876,0,0% 0% 0% 100%,18.181
spectralnorm,scala,3,5500,982,0.000,712,-2,0% 0% 4% 100%,0.247
spectralnorm,gpp,6,5500,1044,10.041,752,0,0% 0% 1% 100%,10.046
spectralnorm,csharp,2,5500,1063,21.835,15676,0,0% 0% 1% 100%,21.842
spectralnorm,gcc,4,5500,1139,10.605,756,0,1% 0% 1% 100%,10.609
spectralnorm,v8,3,5500,373,15.704,9236,0,0% 1% 1% 100%,15.709
spectralnorm,gpp,7,5500,1283,8.418,752,0,0% 0% 0% 100%,8.422
spectralnorm,go,1,5500,411,15.712,1484,0,1% 0% 0% 100%,15.717
spectralnorm,racket,3,5500,627,20.588,25500,0,0% 0% 0% 100%,20.599
spectralnorm,dart,1,5500,457,21.795,9384,0,1% 0% 0% 100%,21.803
spectralnorm,csharp,1,5500,459,21.842,15856,0,0% 1% 1% 100%,21.848
spectralnorm,yarv,3,5500,828,398.964,38588,0,0% 0% 0% 100%,399.637
spectralnorm,ocaml,2,5500,377,15.684,1808,0,0% 0% 0% 100%,15.694
spectralnorm,jruby,2,5500,776,286.572,624496,0,0% 0% 0% 100%,287.067
spectralnorm,gcc,2,5500,669,3.741,237004,0,1% 1% 1% 100%,3.748
spectralnorm,python3,5,5500,437,817.343,39704,0,0% 0% 0% 100%,817.711
spectralnorm,clojure,7,5500,762,18.348,46348,0,0% 0% 0% 100%,18.360
spectralnorm,scala,2,5500,720,17.568,24472,0,0% 0% 0% 100%,17.578
spectralnorm,gcc,5,5500,569,7.846,752,0,0% 0% 1% 100%,7.850
spectralnorm,perl,1,5500,333,192.708,5372,0,0% 0% 0% 100%,192.776
spectralnorm,fpascal,1,5500,423,15.705,8,0,0% 0% 0% 100%,15.712
spectralnorm,gpp,5,5500,1044,10.041,756,0,0% 0% 1% 100%,10.045
spectralnorm,v8,1,5500,311,15.708,9328,0,0% 0% 1% 100%,15.713
spectralnorm,gpp,8,5500,1278,10.627,752,0,0% 0% 1% 100%,10.631
spectralnorm,yarv,1,5500,292,401.972,7284,0,0% 0% 0% 100%,402.108
spectralnorm,fsharp,2,5500,852,22.108,19604,0,1% 0% 0% 96%,23.103
spectralnorm,hipe,2,5500,747,46.347,14180,0,0% 0% 0% 100%,46.365
spectralnorm,sbcl,1,5500,625,21.829,6668,0,0% 0% 1% 100%,21.836
spectralnorm,scala,1,5500,404,17.792,23412,0,0% 0% 0% 100%,17.800
spectralnorm,java,2,5500,950,17.628,18684,0,0% 0% 0% 100%,17.637
spectralnorm,python3,2,5500,233,11.241,486944,0,0% 0% 0% 100%,11.257
threadring,perl,3,50000000,489,0.000,0,-2,%,0.000
threadring,gnat,4,50000000,960,165.444,9856,0,1% 1% 1% 100%,165.545
threadring,fsharp,3,50000000,329,18.420,39172,0,0% 1% 1% 100%,18.437
threadring,python3,3,50000000,270,10.325,6352,0,0% 2% 0% 100%,10.332
threadring,ghc,1,50000000,307,9.185,3004,0,0% 0% 0% 100%,9.191
threadring,fsharp,2,50000000,555,184.795,43412,0,0% 0% 1% 100%,185.863
threadring,gnat,1,50000000,602,340.325,9860,0,1% 1% 0% 100%,340.555
threadring,java,5,50000000,432,18.300,276048,0,0% 0% 0% 100%,18.318
threadring,python3,2,50000000,288,215.541,10332,0,0% 0% 0% 100%,215.675
threadring,gpp,3,50000000,726,8.221,5360,0,1% 1% 1% 100%,8.228
threadring,clojure,1,50000000,348,84.804,394364,0,0% 0% 0% 100%,84.926
threadring,csharp,1,50000000,476,255.751,19432,0,0% 1% 1% 100%,255.923
threadring,lua,3,50000000,264,17.441,1540,0,0% 0% 0% 100%,17.449
threadring,racket,1,50000000,262,153.696,80964,0,0% 0% 0% 100%,153.838
threadring,oz,1,50000000,340,94.056,1555968,0,0% 0% 0% 100%,94.109
threadring,gpp,5,50000000,652,7.764,5364,0,2% 1% 1% 100%,7.770
threadring,go,5,50000000,405,16.786,3092,0,0% 1% 1% 100%,16.792
threadring,hipe,1,50000000,273,9.701,534424,0,0% 1% 1% 100%,9.711
threadring,yarv,2,50000000,215,796.928,19144,0,0% 0% 0% 100%,797.549
threadring,gnat,3,50000000,727,167.168,9856,0,0% 1% 1% 100%,167.269
threadring,gcc,3,50000000,916,149.087,4524,0,100% 1% 1% 0%,149.159
threadring,ats,1,50000000,1065,120.312,4604,0,0% 0% 0% 100%,120.367
threadring,gpp,2,50000000,588,128.294,4620,0,0% 0% 0% 100%,128.363
threadring,fsharp,4,50000000,267,1.742,21136,0,0% 1% 1% 100%,1.744
threadring,gcc,1,50000000,487,123.471,4624,0,0% 1% 1% 100%,123.533
threadring,sbcl,1,50000000,618,0.000,31440,-1,0% 1% 1% 0%,600.940
threadring,ocaml,1,50000000,282,393.328,14212,0,0% 0% 0% 100%,393.729
threadring,perl,1,50000000,353,0.000,0,-2,0% 0% 0% 50%,0.015
threadring,java,4,50000000,894,34.984,274788,0,0% 0% 0% 100%,35.021
threadring,jruby,2,50000000,228,0.000,143992,-2,0% 1% 1% 100%,11.381
threadring,ocaml,2,50000000,350,152.512,1052,0,0% 0% 0% 100%,152.623
threadring,vw,2,50000000,566,42.919,43644,0,0% 0% 0% 100%,42.945
threadring,jruby,1,50000000,342,406.320,565324,0,0% 0% 0% 100%,406.726
threadring,java,6,50000000,543,0.948,220112,0,0% 0% 1% 100%,0.954
threadring,gcc,2,50000000,575,120.585,4624,0,2% 1% 2% 100%,120.646
threadring,gcc,4,50000000,761,128.769,4620,0,1% 1% 3% 100%,128.837
threadring,ocaml,3,50000000,296,152.048,5540,0,0% 0% 0% 100%,152.162
threadring,gnat,2,50000000,560,260.015,9840,0,0% 0% 1% 100%,260.190
threadring,yarv,1,50000000,331,0.000,0,-2,0% 0% 20% 100%,0.038
threadring,scala,1,50000000,296,0.000,0,-2,0% 0% 0% 100%,0.079
threadring,java,3,50000000,530,232.404,292036,0,0% 0% 0% 100%,232.579
threadring,gnat,5,50000000,1476,0.467,9596,0,0% 0% 2% 98%,0.481
threadring,fpascal,1,50000000,523,0.000,0,-11,%,0.000
threadring,sbcl,2,50000000,571,256.454,31440,0,0% 1% 0% 100%,256.612
threadring,clojure,2,50000000,299,76.580,392660,0,0% 0% 0% 100%,76.691
threadring,gpp,1,50000000,636,171.368,5332,0,0% 1% 1% 100%,171.469
threadring,java,2,50000000,693,5.000,281456,0,0% 0% 0% 100%,5.008
threadring,gpp,4,50000000,572,8.181,5364,0,1% 3% 0% 100%,8.187
